"var_ht_z","var_ht_y","var_cube_z","var_cube_y","mean_cube_y","mean_cube_z","mean_dsd_y","mean_dsd_z","n","N"
112617.979650613,27160.8511689865,337723.832254929,32490.9716176966,10043.1003571863,50591.8809230375,10047.7025934661,50609.2936402355,10,100
