"var_ht_z","var_ht_y","var_cube_z","var_cube_y","mean_cube_y","mean_cube_z","mean_dsd_y","mean_dsd_z","n","N"
323291.246802036,37763.84388729,643438.826741066,42230.3218915257,10038.4355997866,50472.7914440366,10039.4977282954,50461.3214033368,10,100
