"var_ht_z","var_ht_y","var_cube_z","var_cube_y","mean_cube_y","mean_cube_z","mean_dsd_y","mean_dsd_z","n","N"
62955.1975514291,7767.10502150888,149301.383232011,8902.36138897885,10040.9257523821,50164.867697808,10038.7243559795,50158.9465899879,10,100
