"var_ht_z","var_ht_y","var_cube_z","var_cube_y","mean_cube_y","mean_cube_z","mean_dsd_y","mean_dsd_z","n","N"
97450.9000246837,34723.0114568705,458221.925604111,39810.2271485386,10043.8162993226,50492.0043126164,10047.9641107015,50477.9731005444,10,100
