"var_ht_z","var_ht_y","var_cube_z","var_cube_y","mean_cube_y","mean_cube_z","mean_dsd_y","mean_dsd_z","n","N"
23619.6247642769,8340.27889020374,116997.855264115,7848.48217462843,10043.6732908887,50616.3176585473,10046.6277660706,50615.5482694804,10,100
