"var_ht_z","var_ht_y","var_cube_z","var_cube_y","mean_cube_y","mean_cube_z","mean_dsd_y","mean_dsd_z","n","N"
69469.5137126613,21186.3534264567,303745.066760206,26504.9251312275,10049.8639570536,50614.3062349067,10042.1942103242,50609.5953529934,10,100
