"var_ht_z","var_ht_y","var_cube_z","var_cube_y","mean_cube_y","mean_cube_z","mean_dsd_y","mean_dsd_z","n","N"
69727.1376788881,9471.77823109128,291684.733892878,17339.1792118108,10040.9767363415,50166.7344216844,10043.6932368483,50168.5515027306,10,100
