"var_ht_z","var_ht_y","var_cube_z","var_cube_y","mean_cube_y","mean_cube_z","mean_dsd_y","mean_dsd_z","n","N"
28556.5351321614,5864.75777832235,73805.6850984334,6543.9611402822,10043.3399591694,50176.4781237525,10042.7177464135,50170.0241532545,10,100
