"var_ht_z","var_ht_y","var_cube_z","var_cube_y","mean_cube_y","mean_cube_z","mean_dsd_y","mean_dsd_z","n","N"
74257.3804355517,9951.53319518567,244933.064161587,10305.7997081004,10044.8300359746,50465.3422662177,10045.3194393211,50480.9918222218,10,100
