"var_ht_z","var_ht_y","var_cube_z","var_cube_y","mean_cube_y","mean_cube_z","mean_dsd_y","mean_dsd_z","n","N"
168061.489046201,21709.0411118833,311286.246602513,23377.4275625976,10045.9388192313,50174.7636117208,10047.7186140625,50184.7719034754,10,100
