"var_ht_z","var_ht_y","var_cube_z","var_cube_y","mean_cube_y","mean_cube_z","mean_dsd_y","mean_dsd_z","n","N"
150388.405294539,23126.8217863863,316055.583309608,21447.6153607054,10041.5805297386,50495.3521258747,10043.2999844112,50480.0911127354,10,100
