"var_ht_z","var_ht_y","var_cube_z","var_cube_y","mean_cube_y","mean_cube_z","mean_dsd_y","mean_dsd_z","n","N"
57403.7417151039,15713.3386072314,155935.473843683,17906.3414499504,10042.9264729441,50611.5787843324,10045.2027951129,50606.5534805444,10,100
