"var_ht_z","var_ht_y","var_cube_z","var_cube_y","mean_cube_y","mean_cube_z","mean_dsd_y","mean_dsd_z","n","N"
42432.4092553077,7178.65698312067,123697.319252359,7361.93016513534,10043.4572085092,50136.8980584558,10043.6830939628,50124.9444380914,10,100
