"var_ht_z","var_ht_y","var_cube_z","var_cube_y","mean_cube_y","mean_cube_z","mean_dsd_y","mean_dsd_z","n","N"
157416.651487654,15943.9782256397,306898.004670872,21379.3623965786,10041.9518165962,50219.0779157333,10048.3470765664,50242.8119638605,10,100
