"var_ht_z","var_ht_y","var_cube_z","var_cube_y","mean_cube_y","mean_cube_z","mean_dsd_y","mean_dsd_z","n","N"
191345.071676682,47938.2066271248,652372.653905675,50513.6236273385,10054.0036018662,50573.2833539709,10047.9668204393,50571.6038775457,10,100
