"var_ht_z","var_ht_y","var_cube_z","var_cube_y","mean_cube_y","mean_cube_z","mean_dsd_y","mean_dsd_z","n","N"
282061.553752108,31198.1647773204,663767.159741482,35862.5874718807,10052.9622773215,50191.1757772184,10044.4740856014,50127.9603340416,10,100
