"var_ht_z","var_ht_y","var_cube_z","var_cube_y","mean_cube_y","mean_cube_z","mean_dsd_y","mean_dsd_z","n","N"
183194.481523021,31385.3935254322,426006.087719134,34080.929247049,10046.2972212097,50131.3554440687,10036.2234803048,50126.5383308502,10,100
