"var_ht_z","var_ht_y","var_cube_z","var_cube_y","mean_cube_y","mean_cube_z","mean_dsd_y","mean_dsd_z","n","N"
478917.41152147,65926.5759473308,939996.330037781,63925.3135170164,10038.5192410155,50565.1375942951,10048.8249146191,50549.9647591885,10,100
