"var_ht_z","var_ht_y","var_cube_z","var_cube_y","mean_cube_y","mean_cube_z","mean_dsd_y","mean_dsd_z","n","N"
100615.175338967,9363.59718968635,309367.666644242,9251.7418646514,10044.0628969944,50555.5810921665,10043.3865994474,50571.4321406602,10,100
