"var_ht_z","var_ht_y","var_cube_z","var_cube_y","mean_cube_y","mean_cube_z","mean_dsd_y","mean_dsd_z","n","N"
116220.215763997,27783.7003287799,379852.491303367,28080.3348965853,10046.942465296,50571.2025975893,10044.8438131807,50570.3657229892,10,100
