"var_ht_z","var_ht_y","var_cube_z","var_cube_y","mean_cube_y","mean_cube_z","mean_dsd_y","mean_dsd_z","n","N"
82399.9822054144,18563.977937943,205054.572606348,19224.7175756905,10049.1247888308,50118.7384314935,10044.5323401697,50129.0131747075,10,100
