"var_ht_z","var_ht_y","var_cube_z","var_cube_y","mean_cube_y","mean_cube_z","mean_dsd_y","mean_dsd_z","n","N"
51036.5305037533,9373.86175717183,130996.603807411,10526.2647227629,10046.5249537937,50237.4986498896,10045.5219063364,50233.8140429619,10,100
