"var_ht_z","var_ht_y","var_cube_z","var_cube_y","mean_cube_y","mean_cube_z","mean_dsd_y","mean_dsd_z","n","N"
193044.972570456,46550.0155045786,471326.718848589,49827.3971157738,10043.6575868325,50786.6964355253,10047.8981926805,50768.5437457805,10,100
