"var_ht_z","var_ht_y","var_cube_z","var_cube_y","mean_cube_y","mean_cube_z","mean_dsd_y","mean_dsd_z","n","N"
25539.5213819549,4360.3090251651,72437.7547689609,4768.57121659463,10042.2587565885,50232.4653483972,10042.7975562242,50243.4228613645,10,100
