"var_ht_z","var_ht_y","var_cube_z","var_cube_y","mean_cube_y","mean_cube_z","mean_dsd_y","mean_dsd_z","n","N"
120117.578297391,34185.1470770958,442290.019192542,38383.7690216456,10051.3371278113,50758.4855370453,10050.4994594326,50790.8203326729,10,100
