"var_ht_z","var_ht_y","var_cube_z","var_cube_y","mean_cube_y","mean_cube_z","mean_dsd_y","mean_dsd_z","n","N"
55631.7949932948,19405.0840641421,288763.945675508,19430.4358645253,10045.8016269432,50778.69906011,10044.0317441112,50788.3000805455,10,100
