"var_ht_z","var_ht_y","var_cube_z","var_cube_y","mean_cube_y","mean_cube_z","mean_dsd_y","mean_dsd_z","n","N"
173821.314255659,17095.3845706768,426689.686544344,24922.2791238621,10048.4523270933,50265.9067527271,10043.2354906149,50230.1807827901,10,100
