"var_ht_z","var_ht_y","var_cube_z","var_cube_y","mean_cube_y","mean_cube_z","mean_dsd_y","mean_dsd_z","n","N"
47569.9047429226,8409.31659205868,169380.156513615,8637.52003631011,10044.2169673145,50769.4316340706,10041.1113841649,50769.3922613342,10,100
