Method,Density,Moran,Voronoi
K-Means (33_lexico),0.17383721961398813,-0.2570041411283272,0.9287451376666715
K-Means (33_random),0.5762144145848423,-0.10131399299376906,4.368753622251286
K-Means (33_projection),0.4004456438953878,-0.24883855932492321,0.44689310776959146
K-Means (33_distance_0),0.28322753870384754,-0.24096590433795517,0.36305027244902466
K-Means (33_angel_0),-0.22546923084903597,-0.2141687346672134,0.7626578681790682
Local Pivotal,-0.2714655932966469,-0.17189942999687674,1.0019428625276583
Wave,0.3436472198888786,-0.17714800225068023,1.228319835901645
