Method,Density,Moran,Voronoi
K-Means (11_lexico),0.0406040894831303,-0.3301711598322716,0.4251446941573075
K-Means (11_random),-0.2847865695022589,-0.1447688362852144,0.371469146147083
K-Means (11_projection),-0.279748292373022,-0.2538695116702874,0.322120811132604
K-Means (11_distance_0),0.3535299672534392,-0.2744435302391478,0.4023666060186518
K-Means (11_angel_0),0.3227850330834697,-0.3678260598380865,0.3151183168598349
Local Pivotal,0.3719823952691016,-0.154852799831121,0.5405836193102099
Wave,0.1720295424190778,-0.4923659639173322,0.5695036061654255
